"Link","Status","Date","Company","Role","Location","Salary","Score","WorkType","Summary","UpdatedAt"
"https://www.dice.com/job-detail/64453aca-d70d-480b-9e6e-105fff93712d","Applied","2026-06-12","Motion Recruitment","Senior Embedded Firmware Engineer / RTOS / CAN","","","","","","2026-06-12 13:32:18"
"https://www.dice.com/job-detail/6f8362eb-9fcd-442a-a6b9-7da963bc7ade","Applied","2026-06-12","Data Wave Technologies","Senior Firmware Principal Engineer","","","","","","2026-06-12 13:34:25"
"https://www.dice.com/job-detail/8a7fb5b3-4a5f-47d7-a58f-90749bcf6eaf","Applied","2026-06-12","Tanisha Systems","Embedded C++ Developer/Engineer","","","","","","2026-06-12 13:36:27"
"https://www.dice.com/job-detail/a19a1907-a986-4a38-b28a-caf2f28dc2cc","Applied","2026-06-12","TechSpace Solutions Inc.","Embedded Software Engineer","","","","","","2026-06-12 13:53:21"
"https://www.dice.com/job-detail/f02dc539-356f-40bc-b120-c56cd519455a","Applied","2026-06-12","Toyota Material Handling North America","Firmware Engineer","","","","","","2026-06-12 13:54:50"
"https://www.dice.com/job-detail/39ece6e9-3cfc-4f3f-bdfe-5196c6dc284c","Applied","2026-06-12","Sharpedge Solutions","Embedded System Engineer","","","","","","2026-06-12 13:56:18"
"https://www.dice.com/job-detail/8bbd3505-1779-48d3-b9d2-8a548856ac38","Skipped","2026-06-12","Apex Systems","Embedded Software/Firmware Engineer","","","","","","2026-06-12 14:01:01"
"https://www.dice.com/job-detail/774e9df6-e28e-4258-a8ca-0b16ccebb3c6","Applied","2026-06-12","Motion Recruitment","Mid-level Embedded Engineer / C / RTOS","","","","","","2026-06-12 14:04:00"
"https://www.dice.com/job-detail/c598e42d-409b-4001-b965-0489e3e50e6f","Applied","2026-06-12","Apex Systems","Embedded Systems Engineer","","","","","","2026-06-12 14:05:09"
"https://www.dice.com/job-detail/fe0aa07d-9048-461d-b45c-7ae67dc614c5","Applied","2026-06-12","LMK Recruiting Solutions","Senior Embedded Systems & Controls Engineer","","","","","","2026-06-12 14:09:59"
"https://www.dice.com/job-detail/fd58fe1b-cfcb-4317-82ad-139e085f6e65","Applied","2026-06-12","Vastika Inc.","Principal Engineer, Software/Firmware","","","","","","2026-06-12 14:18:53"
"https://www.dice.com/job-detail/ff4084b3-b2a1-416a-abb4-9ae0fc629923","Skipped","2026-06-12","Tekfortune Inc.","Principal Embedded Software Engineer","","","","","","2026-06-12 14:19:22"
"https://www.dice.com/job-detail/e00f44a3-0b57-43d4-9482-56fe036cdf3e","Applied","2026-06-12","Motion Recruitment Partners, LLC","Embedded Engineer/C++/Onsite","","","","","","2026-06-12 15:41:32"
"https://www.dice.com/job-detail/63beeb5e-03ca-4e28-86b1-5b2361d37d16","Applied","2026-06-12","Motion Recruitment","Senior Embedded Engineer / Linux, IoT","Irvine, CA (Onsite)","","0","","","2026-06-12 16:30:51"
"https://www.dice.com/job-detail/39942482-5f01-4d10-a29a-be0c3e265d52","Applied","2026-06-12","Motion Recruitment","Sr. Embedded Systems Engineer / C / BLE","Lake Forest, CA (Onsite)","","0","","","2026-06-12 16:32:20"
"https://www.dice.com/job-detail/1526045c-6088-4eb8-a533-649cac0f6f8a","Applied","2026-06-12","Tanisha Systems","Firmware/Embedded Engineer","Redmond, WA or Austin, TX (Onsite)","","0","","","2026-06-12 16:26:11"
"https://www.dice.com/job-detail/cd605c0d-690d-43e3-897c-f441a336e3b5","Skipped","2026-06-12","Market Street Talent","Principal Embedded Firmware Engineer","Portland, ME (Hybrid)","","0","","","2026-06-12 16:29:59"
"https://www.dice.com/job-detail/cf89cfa7-9670-4643-9c27-7ef78fb6bc8c","Applied","2026-06-12","HireNetworks","Firmware Engineering Manager","Morrisville, NC (Hybrid)","","0","","","2026-06-12 16:25:11"
"https://www.dice.com/job-detail/592573bf-a3a3-4bf0-b17f-a398a22a8b53","Applied","2026-06-12","Motion Recruitment Partners, LLC","Senior Embedded Firmware Engineer / C / RTOS / CAN & USB Protocols / Irvine /","Irvine, CA (Onsite)","","0","","","2026-06-12 16:31:38"
"https://www.dice.com/job-detail/62bd3671-0b25-4b98-90af-1ae86ff18511","Applied","2026-06-12","OSI Engineering, Inc.","Embedded Firmware Engineer (Embedded Systems)","Cupertino, CA (Onsite)","","0","","","2026-06-12 16:18:57"
"https://www.dice.com/job-detail/08938c72-de9e-498b-84dc-8c9ae0ffa1c4","Applied","2026-06-12","Sovereign Technologies","Embedded Firmware Software Engineer (W2)","Eagan, MN (Onsite)","","0","","","2026-06-12 16:19:47"
"https://www.dice.com/job-detail/891cb307-5cf1-4405-8240-037fb4101ee5","Applied","2026-06-12","Motion Recruitment","Firmware Engineer / Onsite / PA","Audubon, PA (Onsite)","","0","","","2026-06-12 16:21:31"
"https://www.dice.com/job-detail/3e037a66-b767-4475-b391-5367ac5f8152","Applied","2026-06-12","Corporate Solutions General, Inc.","Embedded Tester with strong automation experience","Tucson, AZ (Onsite)","","0","","","2026-06-12 16:20:41"
"https://www.dice.com/job-detail/e4f75feb-b72d-4106-ae8e-d0f1bf75aa79","Skipped","2026-06-12","Motion Recruitment Partners, LLC","Principal Engineer/Hybrid Boston/$180k - Motion Recruitment Partners, LLC - Boston, MA, US","Boston, Massachusetts","$150000 - $180000","85","Remote","Why matched: tech match +35; seniority +10; remote +14; salary strong +14; direct overlap +12","2026-06-13 10:15:00"
"https://www.dice.com/job-detail/89ba4831-3db2-4a38-bf06-1816999ec1ea","Applied","2026-06-12","Motion Recruitment Partners, LLC","Senior Reverse Engineer - Motion Recruitment Partners, LLC - Arlington, VA, US","Arlington, Virginia","$180000 - $260000","81","Hybrid","Why matched: tech match +35; seniority +10; hybrid +10; salary strong +14; direct overlap +12","2026-06-13 10:15:00"
"https://www.dice.com/job-detail/eb03fca2-9612-436d-b79e-74cb55529a82","Skipped","2026-06-12","Tellus Solutions","Senior Control Engineer - Tellus Solutions - Jacksonville, FL, US","Jacksonville, Florida","140000 - 180000","81","Remote","Why matched: tech match +35; seniority +10; remote +14; salary good +10; direct overlap +12","2026-06-13 10:15:00"
"https://www.dice.com/job-detail/5c485c7b-5fef-4394-abaf-3cc60d3896c3","Skipped","2026-06-12","JDA TSG","Hybrid Cloud,IoT and Infrastructure Security Engineer (Azure) - JDA TSG - Remote","Remote","$120,000 - $125,000","81","Remote","Why matched: tech match +35; seniority +10; remote +14; salary good +10; direct overlap +12","2026-06-13 10:15:00"
"https://www.dice.com/job-detail/9f0f13da-f564-43b5-84bb-ea112d50186e","Skipped","2026-06-12","ACI Infotech","Site Reliability engineer (SRE) - ACI Infotech - Atlanta, GA, US","Atlanta, Georgia","$DOE","71","Remote","Why matched: tech match +35; seniority +10; remote +14; direct overlap +12","2026-06-13 10:15:00"
"https://www.dice.com/job-detail/35b09137-9142-4b7c-8980-3d48fcf58b13","Skipped","2026-06-12","Motion Recruitment Partners, LLC","Director of Software Engineering - Motion Recruitment Partners, LLC - Beverly, MA, US","Beverly, Massachusetts","$200000 - $250000","71","Hybrid","Why matched: tech match +35; hybrid +10; salary strong +14; direct overlap +12","2026-06-13 10:15:00"
"https://www.dice.com/job-detail/444c5091-2d4b-404b-80fb-4bc14a17c202","Skipped","2026-06-12","Allwyn Corporation","BA/QA - Allwyn Corporation - Remote","Remote","Depends on Experience","71","Remote","Why matched: tech match +35; seniority +10; remote +14; direct overlap +12","2026-06-13 10:15:00"
"https://www.dice.com/job-detail/4d38b203-2399-44a6-8058-aa428bd49094","Applied","2026-06-12","Rishabh Software Pvt. Ltd","Product Security Engineer (Medical Devices &amp; Embedded Systems) - Rishabh Software Pvt. Ltd -","No location provided","$DOE","71","Remote","Why matched: tech match +35; seniority +10; remote +14; direct overlap +12","2026-06-13 10:15:00"
"https://www.dice.com/job-detail/7383f7c5-18d5-4795-a100-162b9d0f18b5","Applied","2026-06-12","OSI Engineering, Inc.","Head of Embedded Firmware","Hybrid in Palo Alto, California","300000 - 350000","70","Hybrid","Why matched: tech match +24; seniority +10; hybrid +10; salary strong +14; direct overlap +12","2026-06-12 17:06:02"
"https://www.dice.com/job-detail/f6187b7f-18a7-450d-9d7d-2be86f9c3682","Skipped","2026-06-12","Apetan Consulting","RTOS Software Engineer/Senior Embedded Linux Engineer/Linux Kernel Engineer-REMOTE - Apetan Consulting - Remote","Remote","$40 - $70","67","Remote","Why matched: tech match +35; seniority +10; remote +14; salary low -4; direct overlap +12","2026-06-13 10:15:00"
"https://www.dice.com/job-detail/a3a5aa43-0309-4a6e-888b-dd62b4ac0e41","Skipped","2026-06-12","Ziply Fiber","Security Manager - Ziply Fiber - Remote","Remote","114,400 - 170,000","66","Remote","Why matched: tech match +24; seniority +10; remote +14; salary acceptable +6; direct overlap +12","2026-06-13 10:15:00"
"https://www.dice.com/job-detail/2da89f01-084a-4f6f-8625-c7a7948a296a","Applied","2026-06-12","Saicon Consultants Inc.","Test","Remote","140000 - 170000","64","Remote","Why matched: tech match +18; seniority +10; remote +14; salary good +10; direct overlap +12","2026-06-12 22:36:34"
"https://www.dice.com/job-detail/4e87f03a-8dfb-42aa-83e6-924db650b642","Applied","2026-06-12","Apetan Consulting","Senior Systems Engineer - Apetan Consulting - Fremont, CA, US","Fremont, California","$140000 - $150000","64","Onsite","Why matched: tech match +30; seniority +10; onsite +2; salary good +10; direct overlap +12","2026-06-13 10:15:00"
"https://www.dice.com/job-detail/2032f5bd-27f2-41b8-9533-86fd5ef21a4b","Skipped","2026-06-12","Krostech Solutions, LLC","Senior IT Infrastructure &amp; DevOps Engineer - Krostech Solutions, LLC - Hybrid in San Francisco, CA, US","Hybrid in San Francisco, California","170,000 - 190,000","64","Hybrid","Why matched: tech match +18; seniority +10; hybrid +10; salary strong +14; direct overlap +12","2026-06-13 10:15:00"
"https://www.dice.com/job-detail/c1885940-7953-4e6e-908b-2558fc8d66a8","Skipped","2026-06-12","Motion Recruitment Partners, LLC","Embedded/Firmware Engineer","Washington, District of Columbia","$175000 - $250000","62","Onsite","Why matched: tech match +24; seniority +10; onsite +2; salary strong +14; direct overlap +12","2026-06-12 23:31:14"
"https://www.dice.com/job-detail/7d14881b-af24-49e0-816d-952b3c361cf3","Skipped","2026-06-12","S3 Staffing USA","Embedded/Firmware Engineer","Philadelphia, Pennsylvania","130,000 - 140,000","62","Unknown","Why matched: tech match +30; seniority +10; salary good +10; direct overlap +12","2026-06-12 23:30:36"
"https://www.dice.com/job-detail/984f68aa-7d8b-4b46-b2bf-ec1d9c4ba793","Applied","2026-06-12","Spar Information Systems","Embedded/Firmware Engineer","Arkansas","DOE","60","Remote","Why matched: tech match +24; seniority +10; remote +14; direct overlap +12","2026-06-13 08:27:33"
"https://www.dice.com/job-detail/aafdba0b-4cdc-4ef2-a411-042ef9c803d3","Applied","2026-06-12","Virtual Networx","Embedded/Firmware Engineer","No location provided","$DOE","60","Remote","Why matched: tech match +24; seniority +10; remote +14; direct overlap +12","2026-06-12 23:29:14"
"https://www.dice.com/job-detail/09f6f65b-086c-46ef-a517-d043d6c9a8be","Skipped","2026-06-12","Motion Recruitment Partners, LLC","Embedded/Firmware Engineer","Irvine, California","USD 160,000.00 - 220,000.00 per year","58","Onsite","Why matched: tech match +30; onsite +2; salary strong +14; direct overlap +12","2026-06-12 23:36:42"
"https://www.dice.com/job-detail/768c95f4-c29d-4dad-8818-cb76e674e20a","Skipped","2026-06-12","Motion Recruitment Partners, LLC","Embedded/Firmware Engineer","San Francisco, California","USD 160,000.00 - 220,000.00 per year","58","Onsite","Why matched: tech match +30; onsite +2; salary strong +14; direct overlap +12","2026-06-12 23:35:53"
"https://www.dice.com/job-detail/7bf462f1-e80e-4cdf-a7a7-1774a76c011f","Applied","2026-06-12","Motion Recruitment Partners, LLC","Embedded/Firmware Engineer","Irvine, California","$120000 - $160000","57","Unknown","Why matched: tech match +35; salary good +10; direct overlap +12","2026-06-12 23:39:33"
"https://www.dice.com/job-detail/d7fcf83a-8255-4bde-8670-dd5a91816c98","Applied","2026-06-12","Zodiac Solutions Inc.","Firmware Engineer / Developer - Remote / Hybrid / Onsite - Zodiac Solutions Inc. - Redmond, WA, US","Redmond, Washington","DOE","56","Remote","Why matched: tech match +30; remote +14; direct overlap +12","2026-06-13 10:15:00"
"https://www.dice.com/job-detail/4e6b1c51-37f3-427d-9acc-f264cc6a3126","Skipped","2026-06-12","Motion Recruitment Partners, LLC","Reverse Engineer, Cybersecurity / Onsite in Arlington VA - Motion Recruitment Partners, LLC - Arlington, VA, US","Arlington, Virginia","$200000 - $250000","56","Onsite","Why matched: tech match +18; seniority +10; onsite +2; salary strong +14; direct overlap +12","2026-06-13 10:15:00"
"https://www.dice.com/job-detail/d1a2f70b-bcc9-4762-9cb7-5b9457eaaa6e","Skipped","2026-06-12","Belcan, LLC","Embedded/Firmware Engineer","Cincinnati, Ohio","USD 65,000.00 - 100,000.00 per year","56","Unknown","Why matched: tech match +30; salary strong +14; direct overlap +12","2026-06-12 23:42:58"
"https://www.dice.com/job-detail/d379c749-12d7-46ba-bf25-c0b85cfb67cd","Applied","2026-06-12","SRS Consulting Inc","Need Embedded Software Test Engineer - SRS Consulting Inc - Redmond, WA, US","Redmond, Washington","Depends on Experience","56","Remote","Why matched: tech match +30; remote +14; direct overlap +12","2026-06-13 10:15:00"
"https://www.dice.com/job-detail/c5a574b2-eac4-4a40-a060-94a9ec8aa9b5","Skipped","2026-06-13","Herrick Technology Laboratories, Inc.","DSP Engineer - Herrick Technology Laboratories, Inc. - Germantown, MD, US","Germantown, Maryland","75,000 - 200,000","56","Unknown","Why matched: tech match +30; salary strong +14; direct overlap +12","2026-06-13 10:15:00"
"https://www.dice.com/job-detail/dee1d9b8-1106-41a5-96d7-917bd34c6828","Skipped","2026-06-13","Motion Recruitment Partners, LLC","Physical AI Architect - Motion Recruitment Partners, LLC - Charlestown, MA, US","Boston, Massachusetts","$150000 - $200000","56","Onsite","Why matched: tech match +18; seniority +10; onsite +2; salary strong +14; direct overlap +12","2026-06-13 10:15:00"
"https://www.dice.com/job-detail/96d0d0bc-d088-4811-88d2-d95562386c2d","Applied","2026-06-13","Toyota Material Handling North America","Telematics Software Engineer - Toyota Material Handling North America - Greene, NY, US","Greene, New York","USD 73,800.00 - 106,000.00 per year","56","Unknown","Why matched: tech match +30; salary strong +14; direct overlap +12","2026-06-13 10:19:47"
"https://www.dice.com/job-detail/cb4af3c6-43c7-49dc-9d90-7c84b71a375c","Applied","2026-06-12","Toyota Material Handling North America","Embedded/Firmware Engineer","Columbus, Indiana","USD 133,600.00 - 171,200.00 per year","56","Unknown","Why matched: tech match +24; seniority +10; salary good +10; direct overlap +12","2026-06-12 23:41:43"
"https://www.dice.com/job-detail/19c39812-9ae4-458d-bdc6-68b4bcc76ab0","Skipped","2026-06-13","Motion Recruitment Partners, LLC","Autonomous Systems Lab Manager - Motion Recruitment Partners, LLC - Remote in Lexington, MA, US","Remote or Lexington, Massachusetts","DOE","54","Remote","Why matched: tech match +18; seniority +10; remote +14; direct overlap +12","2026-06-13 10:19:55"
"https://www.dice.com/job-detail/54b406bd-571b-4f88-ac2b-ff8bf92fd345","Skipped","2026-06-13","Toyota Material Handling North America","Senior Software Development Engineering Manager - Toyota Material Handling North America - Greene, NY, US","Greene, New York","USD 152,360.00 - 195,052.00 per year","54","Unknown","Why matched: tech match +18; seniority +10; salary strong +14; direct overlap +12","2026-06-13 10:20:44"
"https://www.dice.com/job-detail/1a49223c-03fe-41f8-8b5a-6b2848ad2992","Applied","2026-06-13","Spear Staffing","Senior Firmware Architect - Spear Staffing - Hybrid in Houston, TX, US","Hybrid in Houston, Texas","$70 - $80","52","Hybrid","Why matched: tech match +24; seniority +10; hybrid +10; salary low -4; direct overlap +12","2026-06-13 10:23:51"
"https://www.dice.com/job-detail/5e9b63bf-4b6e-4d33-8b93-c90d7fdc1803","Skipped","2026-06-13","Yoh - A Day & Zimmerman Company","Sr. Embedded Security Engineer - Yoh - A Day &amp; Zimmerman Company - Remote in Pittsburgh or Dearborn, MI, US","Remote or Pittsburgh, Pennsylvania","USD70 - USD85 per hour, Benefits: $70-85/HR","52","Remote","Why matched: tech match +30; remote +14; salary low -4; direct overlap +12","2026-06-13 10:23:53"
"https://www.dice.com/job-detail/da9b9640-4577-4562-8bb0-d17991f860fa","Skipped","2026-06-13","Vy Systems","Principal Firmware Engineer - Vy Systems - Morrisville, NC, US","Morrisville, North Carolina","Depends on Experience","52","Unknown","Why matched: tech match +30; seniority +10; direct overlap +12","2026-06-13 10:22:04"
"https://www.dice.com/job-detail/d7017567-662c-43b2-af21-4393c47cccff","Skipped","2026-06-13","Motion Recruitment Partners, LLC","Embedded Exploitation Engineer / AI / Startup - Motion Recruitment Partners, LLC - District of Columbia, DC, US","Washington, District of Columbia","$1450000 - $300000","52","Unknown","Why matched: tech match +30; salary good +10; direct overlap +12","2026-06-13 10:20:46"
"https://www.dice.com/job-detail/5b332656-9863-4095-9151-9eb868e059ce","Skipped","2026-06-13","Rishabh Software Pvt. Ltd","IOT Solution Sales Specialist - Rishabh Software Pvt. Ltd - Remote in Bridgewater, NJ, US","Remote or Bridgewater, New Jersey","DOE","50","Remote","Why matched: tech match +24; remote +14; direct overlap +12","2026-06-13 10:24:39"
"https://www.dice.com/job-detail/43c8a841-c9a7-4595-88d3-5d3888c65acc","Skipped","2026-06-13","MphasiS Corporation USA","Android Engineer - MphasiS Corporation USA - Berkeley Heights, NJ, US","Berkeley Heights, New Jersey","$80,000 - $120,000","50","Unknown","Why matched: tech match +24; salary strong +14; direct overlap +12","2026-06-13 10:24:00"
"https://www.dice.com/job-detail/fd1b0d81-8abb-459a-a606-c39d821737c2","Skipped","2026-06-13","Central Business Solutions","Senior Product Security Engineer - Healthcare - Central Business Solutions - Hybrid in Burlington, MA, US","Hybrid in Burlington, Massachusetts","Depends on Experience","50","Hybrid","Why matched: tech match +18; seniority +10; hybrid +10; direct overlap +12","2026-06-13 17:44:32"
"https://www.dice.com/job-detail/96b9dc2d-ef22-4e31-bc7e-24c719776195","Applied","2026-06-13","TekisHub Consulting Services","Firmware Engineer-UEFI - TekisHub Consulting Services - Seattle, WA, US","Seattle, Washington","DOE","49","Onsite","Why matched: tech match +35; onsite +2; direct overlap +12","2026-06-13 17:45:53"
"https://www.dice.com/job-detail/73caa53d-092b-4736-a3c9-82de51fdb6cc","Applied","2026-06-13","RAVIN IT SOLUTIONS, Inc","Senior Firmware Engineer - RAVIN IT SOLUTIONS, Inc - Atlanta, GA, US","Atlanta, Georgia","Depends on Experience","48","Onsite","Why matched: tech match +24; seniority +10; onsite +2; direct overlap +12","2026-06-13 17:49:28"
"https://www.dice.com/job-detail/56e651ef-e979-43f7-ba16-6cf7a1e0ae7d","Skipped","2026-06-13","RAVIN IT SOLUTIONS, Inc","EMS IoT Lead - RAVIN IT SOLUTIONS, Inc - Atlanta, GA, US","Atlanta, Georgia","Depends on Experience","48","Onsite","Why matched: tech match +24; seniority +10; onsite +2; direct overlap +12","2026-06-13 17:47:08"
"https://www.dice.com/job-detail/98b6230a-c95f-4659-9098-d9dfc6021e56","Skipped","2026-06-13","Apex Systems","Senior Embedded Linux Software Engineer - Apex Systems - Eagan, MN, US","Eagan, Minnesota","DOE","48","Onsite","Why matched: tech match +24; seniority +10; onsite +2; direct overlap +12","2026-06-13 17:48:09"
"https://www.dice.com/job-detail/c527d5a3-8c0d-4f80-bbec-d3c79c55f327","Skipped","2026-06-13","AERONIX INC","Embedded Software Engineer - AERONIX INC - Melbourne, FL, US","Melbourne, Florida","90,000 - 125,000","48","Unknown","Why matched: tech match +12; seniority +10; salary strong +14; direct overlap +12","2026-06-13 17:46:32"
"https://www.dice.com/job-detail/f6a29035-e558-4828-9ff3-b3c9341a74a4","Applied","2026-06-13","TECH Tammina","Product Developer LTE Devices &amp; Utility Systems - TECH Tammina - Birmingham, AL, US","Birmingham, Alabama","DOE","47","Unknown","Why matched: tech match +35; direct overlap +12","2026-06-13 17:50:35"
"https://www.dice.com/job-detail/7a985c80-b3bd-45ff-b976-e8f8777e5383","Skipped","2026-06-13","Motion Recruitment Partners, LLC","","Wilmington, North Carolina","USD 120,000.00 - 140,000.00 per year","46","Onsite","Why matched: tech match +12; seniority +10; onsite +2; salary good +10; direct overlap +12","2026-06-13 17:50:44"
"https://www.dice.com/job-detail/8c38d7be-ddcf-4e4f-beca-8428397600ca","Skipped","2026-06-13","Motion Recruitment Partners, LLC","","Fort Worth, Texas","$60000 - $80000","46","Onsite","Why matched: tech match +18; onsite +2; salary strong +14; direct overlap +12","2026-06-13 17:50:45"
"https://www.dice.com/job-detail/f0a66ac9-2eff-4add-925b-8cba94ff5a33","Applied","2026-06-13","ARK Infotech Spectrum","Senior Principal Engineer, Software/Firmware - coherent optical module firmware/SoC-based embedded platforms/CPO - ARK Infotech Spectrum - Santa Clara, CA, US","Santa Clara, California","Depends on Experience","46","Unknown","Why matched: tech match +24; seniority +10; direct overlap +12","2026-06-13 17:51:44"
"https://www.dice.com/job-detail/bd7af09a-4a59-4857-ad9f-6d0ddd8f69e0","Skipped","2026-06-13","Info Way Solutions","","Indianapolis, Indiana","Depends on Experience","46","Unknown","Why matched: tech match +24; seniority +10; direct overlap +12","2026-06-13 17:52:05"
"https://www.dice.com/job-detail/2982382b-1ab2-48f5-a802-1bd0d8ae94b1","Applied","2026-06-13","Reveille Technologies","Embedded Developer - Reveille Technologies - Redmond, WA, US","Redmond, Washington","Depends on Experience","46","Unknown","Why matched: tech match +24; seniority +10; direct overlap +12","2026-06-13 17:52:56"
"https://www.dice.com/job-detail/88f0e9ea-44d5-48ae-94b6-1d826fcafb02","Applied","2026-06-13","PamTen Inc","Firmware Engineer - PamTen Inc - Dallas, TX, US","Dallas, Texas","Depends on Experience","46","Unknown","Why matched: tech match +24; seniority +10; direct overlap +12","2026-06-13 17:54:21"
"https://www.dice.com/job-detail/9062a9cf-ebb5-4081-9a0a-3807bea2f520","Applied","2026-06-13","SSV Technologies Inc","Embedded C++ Developer - SSV Technologies Inc - Addison, TX, US","Addison, Texas","80000 - 95000","46","Onsite","Why matched: tech match +18; onsite +2; salary strong +14; direct overlap +12","2026-06-13 17:55:30"
"https://www.dice.com/job-detail/d2b81df0-f643-4a9e-8d32-e19f65c94645","To Apply","2026-06-13","Vaco by Highspring","Firmware Engineer - Vaco by Highspring - Boca Raton, FL, US","Boca Raton, Florida","$150000","44","Unknown","Why matched: tech match +18; salary strong +14; direct overlap +12","2026-06-13 17:55:35"
"https://www.dice.com/job-detail/6997f13c-0509-4249-b090-b177b3173460","To Apply","2026-06-13","NITS Solutions","","Hybrid in Novi, Michigan","Depends on Experience","44","Hybrid","Why matched: tech match +24; seniority +10; hybrid +10","2026-06-13 03:14:59"
"https://www.dice.com/job-detail/b98ae40e-d1d4-45af-8bc1-c36333052a43","To Apply","2026-06-13","Quantum World Technologies Inc.","","Redmond, Washington","DOE","44","Remote","Why matched: tech match +18; remote +14; direct overlap +12","2026-06-13 03:14:59"
"https://www.dice.com/job-detail/c8192929-90c4-4057-ab70-01fc43bff86e","To Apply","2026-06-13","Motion Recruitment Partners, LLC","","Lake Forest, California","USD 130,000.00 - 160,000.00 per year","44","Unknown","Why matched: tech match +24; seniority +10; salary good +10","2026-06-13 03:14:59"
"https://www.dice.com/job-detail/82a46690-f764-4c32-962b-bc97c435ab29","To Apply","2026-06-13","Motion Recruitment Partners, LLC","","Los Angeles, California","USD 130,000.00 - 160,000.00 per year","44","Unknown","Why matched: tech match +24; seniority +10; salary good +10","2026-06-13 03:14:59"
"https://www.dice.com/job-detail/4d25a2ee-312f-4ba5-b425-6162e7323133","To Apply","2026-06-13","Amzur Technologies, Inc.","","Remote","200,000 - 250,000","44","Remote","Why matched: tech match +6; seniority +10; remote +14; salary strong +14","2026-06-13 03:14:59"
"https://www.dice.com/job-detail/1c5549f1-497d-49cf-9d5e-6523568ffffa","To Apply","2026-06-13","SysMind, LLC","","Auburn Hills, Michigan","Depends on Experience","44","Onsite","Why matched: tech match +30; onsite +2; direct overlap +12","2026-06-13 03:14:59"
"https://www.dice.com/job-detail/0c1ad4c8-c566-473d-b412-7879d76a44a7","To Apply","2026-06-13","Virtual Networx","","Richmond, Virginia","$DOE","44","Hybrid","Why matched: tech match +24; seniority +10; hybrid +10","2026-06-13 03:14:59"
"https://www.dice.com/job-detail/a7ad3f51-c5a0-42d0-8f83-79c9695534e7","To Apply","2026-06-13","ACI Infotech","","Atlanta, Georgia","$DOE","44","Hybrid","Why matched: tech match +12; seniority +10; hybrid +10; direct overlap +12","2026-06-13 03:14:59"
"https://www.dice.com/job-detail/8d480537-de90-4738-bb4a-b0e23ee2d486","To Apply","2026-06-13","Motion Recruitment Partners, LLC","","Illinois","$180000 - $200000","44","Remote","Why matched: tech match +6; seniority +10; remote +14; salary strong +14","2026-06-13 03:14:59"
"https://www.dice.com/job-detail/f2846fdb-9fe1-4998-b772-83d398e9c3f3","To Apply","2026-06-13","TechSpace Solutions Inc.","","Irvine, California","Depends on Experience","44","Onsite","Why matched: tech match +30; onsite +2; direct overlap +12","2026-06-13 03:14:59"
"https://www.dice.com/job-detail/2d453cb8-6066-4342-bd27-12b270d1dabb","To Apply","2026-06-13","OrbITpeople","","Massachusetts","DOE","44","Onsite","Why matched: tech match +30; onsite +2; direct overlap +12","2026-06-13 03:14:59"
"https://www.dice.com/job-detail/e2be6220-3529-41cf-ad50-7c9895b78915","To Apply","2026-06-13","Motion Recruitment Partners, LLC","","Irvine, California","USD 100,000.00 - 130,000.00 per year","44","Onsite","Why matched: tech match +24; onsite +2; salary acceptable +6; direct overlap +12","2026-06-13 03:14:59"
"https://www.dice.com/job-detail/c7ff7dae-3365-4230-949a-ed3cf50f47e8","To Apply","2026-06-13","HireNetworks","","Hybrid in Morrisville, North Carolina","140000 - 145000","42","Hybrid","Why matched: tech match +12; seniority +10; hybrid +10; salary good +10","2026-06-13 03:14:59"
"https://www.dice.com/job-detail/129f9fb6-a114-47e4-87ea-0f6b8b70a7da","To Apply","2026-06-13","PRIMUS Global Services Inc.","","Mayfield Heights, Ohio","DOE","42","Unknown","Why matched: tech match +30; direct overlap +12","2026-06-13 03:14:59"
"https://www.dice.com/job-detail/d51bbf9b-e11c-4916-bc8c-7d39202fb939","To Apply","2026-06-13","American IT Systems","","Redmond, Washington","DOE","42","Unknown","Why matched: tech match +30; direct overlap +12","2026-06-13 03:14:59"
"https://www.dice.com/job-detail/4da0a594-1b9f-4e55-aa05-2729de75bdb5","To Apply","2026-06-13","Data Wave Technologies Inc","","Santa Clarita, California","DOE","42","Onsite","Why matched: tech match +18; seniority +10; onsite +2; direct overlap +12","2026-06-13 03:14:59"
"https://www.dice.com/job-detail/d858e94f-9e0b-4ba5-b835-79d57abc474b","To Apply","2026-06-13","GlobalLogic Inc.","","Dallas, Texas","Depends on Experience","42","Unknown","Why matched: tech match +30; direct overlap +12","2026-06-13 03:14:59"
"https://www.dice.com/job-detail/8a9f61a6-c6c1-44c5-8af7-560e24a673ad","To Apply","2026-06-13","Ledgent Technology","","Burnsville, Minnesota","$120000 - $140000 per annum","42","Hybrid","Why matched: tech match +12; seniority +10; hybrid +10; salary good +10","2026-06-13 03:14:59"
"https://www.dice.com/job-detail/cb9f7a61-7eb1-4257-8020-084db0d38a16","To Apply","2026-06-13","Info Way Solutions","","Indianapolis, Indiana","Depends on Experience","40","Unknown","Why matched: tech match +18; seniority +10; direct overlap +12","2026-06-13 03:14:59"
"https://www.dice.com/job-detail/50971af5-4462-468f-8aab-05d76f658d7a","To Apply","2026-06-13","Motion Recruitment Partners, LLC","","Irvine, California","$130000 - $180000","40","Onsite","Why matched: tech match +18; seniority +10; onsite +2; salary good +10","2026-06-13 03:14:59"
"https://www.dice.com/job-detail/47da9615-2c40-4d03-b78c-68d275009620","To Apply","2026-06-13","Oscar Technology","","Houston, Texas","DOE","40","Unknown","Why matched: tech match +18; seniority +10; direct overlap +12","2026-06-13 03:14:59"
"https://www.dice.com/job-detail/66583350-2186-42c1-b8ee-c0903307bdd8","To Apply","2026-06-13","Amarx Search, Inc.","","Cincinnati, Ohio","$106,500 - $197,500","40","Unknown","Why matched: tech match +12; seniority +10; salary acceptable +6; direct overlap +12","2026-06-13 03:14:59"
"https://www.dice.com/job-detail/a171c9a2-d133-4532-8859-8a4da5db92b7","To Apply","2026-06-13","Apex Systems","","Mayfield Heights, Ohio","DOE","40","Unknown","Why matched: tech match +18; seniority +10; direct overlap +12","2026-06-13 03:14:59"
"https://www.dice.com/job-detail/df567835-c5b0-4b5f-bded-e9c62c0c45a9","To Apply","2026-06-13","TekShapers","","Auburn Hills, Michigan","Depends on Experience","40","Unknown","Why matched: tech match +18; seniority +10; direct overlap +12","2026-06-13 03:14:59"
"https://www.dice.com/job-detail/d612c5b9-5030-4009-aefb-942bbaae62ac","To Apply","2026-06-13","Forar Tech, LLC.","","Naperville, Illinois","Depends on Experience","40","Unknown","Why matched: tech match +18; seniority +10; direct overlap +12","2026-06-13 03:14:59"
"https://www.dice.com/job-detail/ea0a932a-1dd8-4335-a26a-e5243ca92e2f","To Apply","2026-06-13","TekShapers","","Auburn Hills, Michigan","Depends on Experience","40","Unknown","Why matched: tech match +18; seniority +10; direct overlap +12","2026-06-13 03:14:59"
"https://www.dice.com/job-detail/53ed09ac-4e55-4edf-9872-07aa141cd38c","To Apply","2026-06-13","cloudingest inc","","Dallas, Texas","40 - 45","38","Unknown","Why matched: tech match +30; salary low -4; direct overlap +12","2026-06-13 03:14:59"
"https://www.dice.com/job-detail/dc0f4b43-9f86-42a6-9f33-51465b6aec16","To Apply","2026-06-13","Amaze Systems Inc","","Sacramento, California","Depends on Experience","38","Onsite","Why matched: tech match +24; onsite +2; direct overlap +12","2026-06-13 03:14:59"
"https://www.dice.com/job-detail/3fd09fb4-3717-4c34-a83a-171b02915e01","To Apply","2026-06-13","AIT Global, Inc.","","Remote","DOE","38","Remote","Why matched: tech match +24; remote +14","2026-06-13 03:14:59"
"https://www.dice.com/job-detail/281de31a-5d5d-4b0c-bdb3-d42e44ffecc7","To Apply","2026-06-13","ISite Technologies Inc","","Hybrid in Houston, Texas","Depends on Experience","38","Hybrid","Why matched: tech match +18; seniority +10; hybrid +10","2026-06-13 03:14:59"
"https://www.dice.com/job-detail/ea4e0d50-7da2-4e1a-8501-72c6cb9c6834","To Apply","2026-06-13","AIT Global, Inc.","","Remote","DOE","38","Remote","Why matched: tech match +24; remote +14","2026-06-13 03:14:59"
"https://www.dice.com/job-detail/48771aa1-4e5a-4494-81e6-642569eccda7","To Apply","2026-06-13","Ace Technologies, Inc.","","Saint Paul, Minnesota","Depends on Experience","38","Onsite","Why matched: tech match +24; onsite +2; direct overlap +12","2026-06-13 03:14:59"
"https://www.dice.com/job-detail/f383822d-dad8-4e90-84a2-32b8d03c34c7","To Apply","2026-06-13","Finoit Inc.","","Redwood City, California","$200000 - $270000","38","Onsite","Why matched: tech match +12; seniority +10; onsite +2; salary strong +14","2026-06-13 03:14:59"
"https://www.dice.com/job-detail/05999ecf-5c63-4227-82eb-1aa2de6fb633","To Apply","2026-06-13","Kellton","","Remote","Depends on Experience","36","Remote","Why matched: tech match +12; seniority +10; remote +14","2026-06-13 03:14:59"
"https://www.dice.com/job-detail/8788e683-33e7-4ffb-8658-1f34642c44a6","To Apply","2026-06-13","Kellton","","Remote","Depends on Experience","36","Remote","Why matched: tech match +12; seniority +10; remote +14","2026-06-13 03:14:59"
"https://www.dice.com/job-detail/10ffec9e-ef63-4897-aa91-a0cbda0ce891","To Apply","2026-06-13","Amtex System Inc.","","Remote","Depends on Experience","36","Remote","Why matched: tech match +12; seniority +10; remote +14","2026-06-13 03:14:59"
"https://www.dice.com/job-detail/b65923a1-a1c0-4bd4-9a07-2f82c24adb7e","To Apply","2026-06-13","Base One Technologies, Inc.","","Arlington, Virginia","150000 - 220000","36","Unknown","Why matched: tech match +12; seniority +10; salary strong +14","2026-06-13 03:14:59"
"https://www.dice.com/job-detail/a2d81156-af92-4823-abae-eb1a5cb73cd2","To Apply","2026-06-13","Motion Recruitment Partners, LLC","","West Chester, Pennsylvania","$100000 - $140000","36","Unknown","Why matched: tech match +18; salary acceptable +6; direct overlap +12","2026-06-13 03:14:59"
"https://www.dice.com/job-detail/243713eb-a981-492d-b961-5d9899f353a5","To Apply","2026-06-13","Montek System","","Hybrid in Denver, Colorado","60 - 70","36","Hybrid","Why matched: tech match +18; hybrid +10; salary low -4; direct overlap +12","2026-06-13 03:14:59"
"https://www.dice.com/job-detail/fe5e2104-6a4d-433e-be9c-f6aa59725aab","To Apply","2026-06-13","Pyramid Consulting, Inc.","","Hybrid in Atlanta, Georgia","$145,000 - $150,000","36","Hybrid","Why matched: tech match +6; seniority +10; hybrid +10; salary good +10","2026-06-13 03:14:59"
"https://www.dice.com/job-detail/7d8d5dc3-7675-436c-a118-6851aa5a7e93","To Apply","2026-06-13","CAYS Inc","","Towson, Maryland","DOE","36","Onsite","Why matched: tech match +12; seniority +10; onsite +2; direct overlap +12","2026-06-13 03:14:59"
"https://www.dice.com/job-detail/a1a1fabb-31f7-49ec-9038-a7ef9c4c926d","To Apply","2026-06-13","RedMane Technology LLC","","Hybrid in Chicago, Illinois","90000 - 100000","36","Hybrid","Why matched: tech match +12; hybrid +10; salary strong +14","2026-06-13 03:14:59"
"https://www.dice.com/job-detail/8e7dbe9b-f508-4529-b342-087bd787ae4d","To Apply","2026-06-13","Axiom Global Technologies, Inc.","","Remote","Depends on Experience","36","Remote","Why matched: tech match +12; seniority +10; remote +14","2026-06-13 03:14:59"
"https://www.dice.com/job-detail/6058da35-e375-4141-b4da-7d48bad41285","To Apply","2026-06-13","Meraki7 Inc","","Remote","Depends on Experience","36","Remote","Why matched: tech match +12; seniority +10; remote +14","2026-06-13 03:14:59"
"https://www.dice.com/job-detail/8dbcff63-c7f0-490a-9356-4f3fbf034b7b","To Apply","2026-06-13","Global Applications Solutions","","Indianapolis, Indiana","Depends on Experience","36","Onsite","Why matched: tech match +24; seniority +10; onsite +2","2026-06-13 03:14:59"
"https://www.dice.com/job-detail/e1a30d35-a484-4a43-bfcd-348c96ef3634","To Apply","2026-06-13","Robert Half","","Largo, Florida","USD 110,000.00 - 125,000.00 per year","36","Unknown","Why matched: tech match +18; salary acceptable +6; direct overlap +12","2026-06-13 03:14:59"
"https://www.dice.com/job-detail/2df3e103-197f-4979-979b-3f887b076134","To Apply","2026-06-13","VortexLink","","Remote or Hybrid in Belmont, California","Depends on Experience","36","Remote","Why matched: tech match +12; seniority +10; remote +14","2026-06-13 03:14:59"
"https://www.dice.com/job-detail/80732170-af85-43d3-81be-16c8c4aa7280","To Apply","2026-06-13","Apex Systems","","Oxon Hill, Maryland","USD 170,000.00 per year","34","Remote","Why matched: tech match +6; remote +14; salary strong +14","2026-06-13 03:14:59"
"https://www.dice.com/job-detail/d48ace5a-0df1-43a6-8f61-3b6d94c64730","To Apply","2026-06-13","Toyota Material Handling North America","","Greene, New York","USD 118,590.00 - 152,040.00 per year","34","Unknown","Why matched: tech match +18; seniority +10; salary acceptable +6","2026-06-13 03:14:59"
"https://www.dice.com/job-detail/5115e351-bef9-4819-bb7c-a419e48ec506","To Apply","2026-06-13","Motion Recruitment Partners, LLC","","Dallas, Texas","$75000 - $75000","34","Onsite","Why matched: tech match +18; onsite +2; salary strong +14","2026-06-13 03:14:59"
"https://www.dice.com/job-detail/234b2af9-3f87-4a1d-977c-0006ca894e18","To Apply","2026-06-13","Rivago infotech inc","","Hybrid in Chaska, Minnesota","75 - 80","34","Hybrid","Why matched: tech match +18; seniority +10; hybrid +10; salary low -4","2026-06-13 03:14:59"
"https://www.dice.com/job-detail/25790de6-a1d5-439b-a1f2-2f59e6fd3e66","To Apply","2026-06-13","Multivision Inc-IL","","Houston, Texas","100","34","Unknown","Why matched: tech match +18; seniority +10; salary acceptable +6","2026-06-13 03:14:59"
"https://www.dice.com/job-detail/3c71f95d-0e13-4a8e-8b43-c7237873ef20","To Apply","2026-06-13","Stefanini","","Remote","$70,000 - $80,000 /yr","34","Remote","Why matched: tech match +6; remote +14; salary strong +14","2026-06-13 03:14:59"
"https://www.dice.com/job-detail/e2ec9a83-1425-491d-991e-1784887a9ffe","To Apply","2026-06-13","CXI Staffing","","Santa Clara, California","Depends on Experience","34","Unknown","Why matched: tech match +12; seniority +10; direct overlap +12","2026-06-13 03:14:59"
"https://www.dice.com/job-detail/a6cb5faf-498e-4b3c-8bbc-b9373a9339ff","To Apply","2026-06-13","Motion Recruitment Partners, LLC","","Fort Worth, Texas","$70000 - $80000","34","Onsite","Why matched: tech match +18; onsite +2; salary strong +14","2026-06-13 03:14:59"
"https://www.dice.com/job-detail/1bf88b10-b5fb-46c7-863c-d10575ff3b23","To Apply","2026-06-13","Motion Recruitment Partners, LLC","","Irvine, California","USD 11.00 per hour","34","Onsite","Why matched: tech match +24; onsite +2; salary low -4; direct overlap +12","2026-06-13 03:14:59"
"https://www.dice.com/job-detail/8c7505cf-2afa-489c-ac45-6e6b0062a1ea","To Apply","2026-06-13","RedMane Technology LLC","","Hybrid in Burnaby, British Columbia","Depends on Experience","32","Hybrid","Why matched: tech match +12; seniority +10; hybrid +10","2026-06-13 03:14:59"
"https://www.dice.com/job-detail/52c8f50e-4049-4d56-b9fd-4e24d6601bc5","To Apply","2026-06-13","Tachyon Technologies","","Auburn Hills, Michigan","USD 38-40","32","Unknown","Why matched: tech match +24; salary low -4; direct overlap +12","2026-06-13 03:14:59"
"https://www.dice.com/job-detail/07d37ab3-f07d-4267-bd27-8afcc195f853","To Apply","2026-06-13","ACI Infotech","","Atlanta, Georgia","$DOE","32","Hybrid","Why matched: tech match +12; seniority +10; hybrid +10","2026-06-13 03:14:59"
"https://www.dice.com/job-detail/ff72de0f-8f5c-4a02-b74c-10cbdc9bafa4","To Apply","2026-06-13","Apex Systems","","Foster City, California","DOE","32","Onsite","Why matched: tech match +18; onsite +2; direct overlap +12","2026-06-13 03:14:59"
"https://www.dice.com/job-detail/e18ca1a7-2d61-4f64-ad6f-4319ea4d2620","To Apply","2026-06-13","Saksoft","","Hybrid in Cincinnati, Ohio","Depends on Experience","32","Hybrid","Why matched: tech match +12; seniority +10; hybrid +10","2026-06-13 03:14:59"
"https://www.dice.com/job-detail/f20f4899-5863-4132-a0ad-81294d6a1353","To Apply","2026-06-13","Motion Recruitment Partners, LLC","","Burlington, Massachusetts","$145000 - $160000","32","Unknown","Why matched: tech match +12; seniority +10; salary good +10","2026-06-13 03:14:59"
"https://www.dice.com/job-detail/e76243d6-2e8a-4235-bf1c-38c82dea39f5","To Apply","2026-06-13","Kellton","","Remote","Depends on Experience","32","Remote","Why matched: tech match +18; remote +14","2026-06-13 03:14:59"
"https://www.dice.com/job-detail/88185a4a-8fd5-4aaf-a19d-b0365c5b9dde","To Apply","2026-06-13","VDart, Inc.","","Omaha, Nebraska","$40 - $50","32","Unknown","Why matched: tech match +24; salary low -4; direct overlap +12","2026-06-13 03:14:59"
"https://www.dice.com/job-detail/0c4cbccd-bda8-432f-8f46-9043e585a3b1","To Apply","2026-06-13","SKANDA SOLUTIONS LLC","","Remote","Depends on Experience","32","Remote","Why matched: tech match +18; remote +14","2026-06-13 03:14:59"
"https://www.dice.com/job-detail/a2e04f9e-7b7c-4427-84f8-e06c40b99043","To Apply","2026-06-13","MARS IT","","Remote or Massachusetts","DOE","32","Remote","Why matched: tech match +18; remote +14","2026-06-13 03:14:59"
"https://www.dice.com/job-detail/aab0be64-d240-4de1-8d8b-712406f20436","To Apply","2026-06-13","Cystems Logic","","Irvine, California","DOE","30","Onsite","Why matched: tech match +18; seniority +10; onsite +2","2026-06-13 03:14:59"
"https://www.dice.com/job-detail/b0c10a0b-cadc-4c35-927c-84b6b466b64a","To Apply","2026-06-13","Motion Recruitment Partners, LLC","","Boston, Massachusetts","$150000 - $250000","30","Unknown","Why matched: tech match +6; seniority +10; salary strong +14","2026-06-13 03:14:59"
"https://www.dice.com/job-detail/104000ad-d6aa-49e0-93dd-13b95fc8c0fd","To Apply","2026-06-13","DBA Web Technologies","","Cincinnati, Ohio","Depends on Experience","30","Unknown","Why matched: tech match +18; direct overlap +12","2026-06-13 03:14:59"
"https://www.dice.com/job-detail/eea3843b-a578-4a60-ae8b-074c9e539e5e","To Apply","2026-06-13","Apex Systems","","Bloomfield, Connecticut","USD 60.00 - 65.00 per hour","30","Hybrid","Why matched: tech match +12; hybrid +10; salary low -4; direct overlap +12","2026-06-13 03:14:59"
"https://www.dice.com/job-detail/f0b768bc-15bb-4d31-9ff0-3d3813c4fdb4","To Apply","2026-06-13","GreyCell Labs, Inc","","Albany, New York","Depends on Experience","30","Onsite","Why matched: tech match +18; seniority +10; onsite +2","2026-06-13 03:14:59"
"https://www.dice.com/job-detail/621b6292-7085-48a0-9b15-05c1c2ccf346","To Apply","2026-06-13","Vings Technologies","","Philadelphia, Pennsylvania","Depends on Experience","28","Unknown","Why matched: tech match +18; seniority +10","2026-06-13 03:14:59"
"https://www.dice.com/job-detail/24a6f44d-4715-4af5-a8d1-8cfb907726c9","To Apply","2026-06-13","Ztek Consulting","","Philadelphia, Pennsylvania","Depends on Experience","28","Unknown","Why matched: tech match +18; seniority +10","2026-06-13 03:14:59"
"https://www.dice.com/job-detail/a1ccadff-5072-46ce-a000-0e55da9d2603","To Apply","2026-06-13","Lorven Technologies, Inc.","","Philadelphia, Pennsylvania","Depends on Experience","28","Unknown","Why matched: tech match +18; seniority +10","2026-06-13 03:14:59"
"https://www.dice.com/job-detail/011fb1d2-3d0e-4425-aec9-69a99e18987e","To Apply","2026-06-13","Skywaves MP LLC","","Hybrid in California City, California","Depends on Experience","28","Hybrid","Why matched: tech match +18; hybrid +10","2026-06-13 03:14:59"
"https://www.dice.com/job-detail/7492427f-a003-486c-9efd-5181d2c3c982","To Apply","2026-06-13","StaffRight Associates, LLC","","Cincinnati, Ohio","Depends on Experience","28","Unknown","Why matched: tech match +18; seniority +10","2026-06-13 03:14:59"
"https://www.dice.com/job-detail/63e8b31a-255c-4824-91fd-af9a7523e63d","To Apply","2026-06-13","ASCII Group LLC","","Waukesha, Wisconsin","40 - 45","28","Onsite","Why matched: tech match +18; onsite +2; salary low -4; direct overlap +12","2026-06-13 03:14:59"
"https://www.dice.com/job-detail/2c6b0668-0218-4b92-a5b8-aa230f301e84","To Apply","2026-06-13","StaffRight Associates, LLC","","Richmond, Virginia","140000 - 160000","28","Unknown","Why matched: tech match +18; salary good +10","2026-06-13 03:14:59"
"https://www.dice.com/job-detail/e1e17dc3-186e-443a-8370-0914e8275bc0","To Apply","2026-06-13","Toyota Material Handling North America","","Meridian, Idaho","USD 73,840.00 - 94,667.00 per year","26","Unknown","Why matched: tech match +12; salary strong +14","2026-06-13 03:14:59"
"https://www.dice.com/job-detail/3bde817a-b4f3-4a8d-b8f3-324d8a2e5521","To Apply","2026-06-13","GreyCell Labs, Inc","","Albany, New York","Depends on Experience","26","Remote","Why matched: tech match +12; remote +14","2026-06-13 03:14:59"
"https://www.dice.com/job-detail/8a62dd48-67ca-48a5-95dd-ba65f978d333","To Apply","2026-06-13","Stefanini","","Remote or Chicago, Illinois","Market","26","Remote","Why matched: tech match +12; remote +14","2026-06-13 03:14:59"
"https://www.dice.com/job-detail/b1413566-059c-48d2-85eb-11ce215d86ae","To Apply","2026-06-13","Belcan, LLC","","Indianapolis, Indiana","USD 61.97 per hour","26","Unknown","Why matched: tech match +18; salary low -4; direct overlap +12","2026-06-13 03:14:59"
"https://www.dice.com/job-detail/588fa713-b08e-4736-b770-f2d0cab399c5","To Apply","2026-06-13","Centraprise Corp","","Alpharetta, Georgia","140,000 - 170,000","26","Unknown","Why matched: tech match +6; seniority +10; salary good +10","2026-06-13 03:14:59"
"https://www.dice.com/job-detail/0ce6622d-bc0e-4c46-ba7e-48c0ab41daa7","To Apply","2026-06-13","Echo IT Solutions, Inc.","","Denver, Colorado","45 - 50","26","Unknown","Why matched: tech match +18; salary low -4; direct overlap +12","2026-06-13 03:14:59"
"https://www.dice.com/job-detail/d9742d00-1de4-45fe-9f10-dc87d24f8ea4","To Apply","2026-06-13","RAVIN IT SOLUTIONS, Inc","","Atlanta, Georgia","Depends on Experience","24","Onsite","Why matched: tech match +12; seniority +10; onsite +2","2026-06-13 03:14:59"
"https://www.dice.com/job-detail/cb1ca5bd-25cf-445f-80b7-680932af23b2","To Apply","2026-06-13","Tata Elxsi Limited","","Sunnyvale, California","Depends on Experience","24","Unknown","Why matched: tech match +12; direct overlap +12","2026-06-13 03:14:59"
"https://www.dice.com/job-detail/678a0291-951b-4879-8184-e46d343a8846","To Apply","2026-06-13","Info Way Solutions","","San Jose, California","55 - 60","24","Unknown","Why matched: tech match +18; seniority +10; salary low -4","2026-06-13 03:14:59"
"https://www.dice.com/job-detail/e0effdf9-04c0-43c1-ac23-02efb74d2430","To Apply","2026-06-13","Cynet Systems","","Austin, Texas","Depends on Experience","24","Unknown","Why matched: tech match +12; direct overlap +12","2026-06-13 03:14:59"
"https://www.dice.com/job-detail/13923616-7bd8-4727-a4a3-fe2f458473b1","To Apply","2026-06-13","Belcan, LLC","","Berkeley, California","USD 70.00 - 80.00 per hour","24","Unknown","Why matched: tech match +18; seniority +10; salary low -4","2026-06-13 03:14:59"
"https://www.dice.com/job-detail/91360ba1-2090-4059-ba37-393fed5edfe3","To Apply","2026-06-13","Motion Recruitment Partners, LLC","","Chicago, Illinois","$100000 - $120000","24","Onsite","Why matched: tech match +6; seniority +10; onsite +2; salary acceptable +6","2026-06-13 03:14:59"
"https://www.dice.com/job-detail/17517062-a08f-4296-8a66-b953896d999f","To Apply","2026-06-13","Apex Systems","","Burlingame, California","DOE","24","Unknown","Why matched: tech match +24","2026-06-13 03:14:59"
"https://www.dice.com/job-detail/c424356e-4ce3-4f7f-a8a7-f50203f2184f","To Apply","2026-06-13","EmployVision","","Peoria, Illinois","Depends on Experience","22","Unknown","Why matched: tech match +12; seniority +10","2026-06-13 03:14:59"
"https://www.dice.com/job-detail/598241be-ba8a-4a97-933e-51bb4e96ef0e","To Apply","2026-06-13","MetaPhase Consulting","","Washington, District of Columbia","DOE","22","Unknown","Why matched: tech match +12; seniority +10","2026-06-13 03:14:59"
"https://www.dice.com/job-detail/a8a5d3f4-db00-481f-9cdd-3a35fd664ea8","To Apply","2026-06-13","Powersolv","","Baltimore, Maryland","DOE","22","Unknown","Why matched: tech match +12; seniority +10","2026-06-13 03:14:59"
"https://www.dice.com/job-detail/8b914ccf-c6ca-4b5a-8a68-d9b43903ad35","To Apply","2026-06-13","ACI Infotech","","Fort Lauderdale, Florida","DOE","22","Hybrid","Why matched: tech match +12; hybrid +10","2026-06-13 03:14:59"
"https://www.dice.com/job-detail/50fce860-d4e1-4a8b-9aa0-a14a1de5ae63","To Apply","2026-06-13","InfoVision, Inc.","","Hybrid in Irving, Texas","Depends on Experience","22","Hybrid","Why matched: tech match +12; hybrid +10","2026-06-13 03:14:59"
"https://www.dice.com/job-detail/8e87f812-a220-45b4-ac3f-7534878192dc","To Apply","2026-06-13","Noblesoft Technologies Inc.","","Clinton, Mississippi","Depends on Experience","20","Onsite","Why matched: tech match +18; onsite +2","2026-06-13 03:14:59"
"https://www.dice.com/job-detail/2b333602-42e6-4c0a-93c8-50024e975f96","To Apply","2026-06-13","ACI Infotech","","Atlanta, Georgia","$DOE","20","Remote","Why matched: tech match +6; remote +14","2026-06-13 03:14:59"
"https://www.dice.com/job-detail/634cecf5-3d3f-4b5a-8563-99067c688a33","To Apply","2026-06-13","","","Remote","Depends on Experience","20","Remote","Why matched: tech match +6; remote +14","2026-06-13 03:14:59"
"https://www.dice.com/job-detail/a42f1b23-46ec-483b-b560-32f9c4ab783b","To Apply","2026-06-13","Ace Technologies, Inc.","","Remote","Depends on Experience","20","Remote","Why matched: tech match +6; remote +14","2026-06-13 03:14:59"
"https://www.dice.com/job-detail/470be196-6eea-40b6-b111-4b0e91380224","To Apply","2026-06-13","PROLIM Global Corporation","","Troy, Michigan","Depends on Experience","20","Onsite","Why matched: tech match +18; onsite +2","2026-06-13 03:14:59"
"https://www.dice.com/job-detail/caef7f65-02a3-4182-986a-5755a892e817","To Apply","2026-06-13","ACI Infotech","","No location provided","$DOE","20","Remote","Why matched: tech match +6; remote +14","2026-06-13 03:14:59"
"https://www.dice.com/job-detail/1a62a3ef-e4ec-4569-b4bd-5ad6f97e4365","To Apply","2026-06-13","S3 Staffing USA","","Auburn Hills, Michigan","$50 - $60","20","Unknown","Why matched: tech match +24; salary low -4","2026-06-13 03:14:59"
"https://www.dice.com/job-detail/c4bc98b5-0734-4999-888f-1b31adcf6468","To Apply","2026-06-13","Intellibee Inc","","Romulus, Michigan","80,000 - 100,000","20","Unknown","Why matched: tech match +6; salary strong +14","2026-06-13 03:14:59"
"https://www.dice.com/job-detail/b59ddb25-316c-4d07-851b-ac8d12ded592","To Apply","2026-06-13","Techgene Solutions LLC","","No location provided","$DOE","20","Remote","Why matched: tech match +6; remote +14","2026-06-13 03:14:59"
"https://www.dice.com/job-detail/264347a1-13e9-4662-ae09-d8a6ad9f3d4a","To Apply","2026-06-13","Robert Half","","Anderson, South Carolina","DOE","18","Unknown","Why matched: tech match +18","2026-06-13 03:14:59"
"https://www.dice.com/job-detail/36ddc177-3903-4da9-86ae-ae3bcd2237b5","To Apply","2026-06-13","Apex Systems","","Austin, Texas","Compensation information provided in the description","18","Onsite","Why matched: tech match +6; seniority +10; onsite +2","2026-06-13 03:14:59"
"https://www.dice.com/job-detail/61e9dde2-e302-4a91-8f80-4cda44b08bcb","To Apply","2026-06-13","Motion Recruitment Partners, LLC","","Wilmington, Massachusetts","$110000 - $140000","18","Unknown","Why matched: tech match +12; salary acceptable +6","2026-06-13 03:14:59"
"https://www.dice.com/job-detail/1626e688-ef7d-4a92-9117-af6392c733e2","To Apply","2026-06-13","PRIMUS Global Services Inc.","","Indianapolis, Indiana","$50","18","Unknown","Why matched: tech match +12; seniority +10; salary low -4","2026-06-13 03:14:59"
"https://www.dice.com/job-detail/268b402c-77dc-4b65-93f4-a90dcea62f67","To Apply","2026-06-13","SightSpectrum LLC","","Pennsylvania","DOE","18","Unknown","Why matched: tech match +18","2026-06-13 03:14:59"
"https://www.dice.com/job-detail/4b7ffc5d-99a3-4db8-94a9-9155123956c6","To Apply","2026-06-13","APN Software Services, Inc","","Waukesha, Wisconsin","$120,000+","16","Unknown","Why matched: tech match +6; salary good +10","2026-06-13 03:14:59"
"https://www.dice.com/job-detail/62bb40c4-b910-42b2-af51-cdf37a945535","To Apply","2026-06-13","Nityo Infotech Corporation","","Houston, Texas","Depends on Experience","16","Unknown","Why matched: tech match +6; seniority +10","2026-06-13 03:14:59"
"https://www.dice.com/job-detail/744ae06c-a617-4172-8dc6-db86ad8b4b43","To Apply","2026-06-13","InfoVision, Inc.","","Hybrid in Irving, Texas","Depends on Experience","16","Hybrid","Why matched: tech match +6; hybrid +10","2026-06-13 03:14:59"
"https://www.dice.com/job-detail/dab22d4a-cdf5-4f7f-b6d5-196a1a197c8c","To Apply","2026-06-13","Motion Recruitment Partners, LLC","","Wilmington, Massachusetts","$125000 - $150000","16","Unknown","Why matched: tech match +6; salary good +10","2026-06-13 03:14:59"
"https://www.dice.com/job-detail/140baa91-871c-4119-9d68-c81a8e666998","To Apply","2026-06-13","Apex Systems","","Washington, District of Columbia","DOE","16","Unknown","Why matched: tech match +6; seniority +10","2026-06-13 03:14:59"
"https://www.dice.com/job-detail/87396983-bca0-46dd-a5e4-cc616623e11a","To Apply","2026-06-13","MetaPhase Consulting","","Washington, District of Columbia","DOE","16","Unknown","Why matched: tech match +6; seniority +10","2026-06-13 03:14:59"
"https://www.dice.com/job-detail/222566df-2c86-4adf-a530-1171f1b02b45","To Apply","2026-06-13","TATA Consultancy Services Limited","","Bettendorf, Iowa","120,000 - 140,000","16","Unknown","Why matched: tech match +6; salary good +10","2026-06-13 03:14:59"
"https://www.dice.com/job-detail/dc546b4d-23b4-47ad-af20-5aaca711844d","To Apply","2026-06-13","InfoVision, Inc.","","Hybrid in Irving, Texas","Depends on Experience","16","Hybrid","Why matched: tech match +6; hybrid +10","2026-06-13 03:14:59"
"https://www.dice.com/job-detail/3525049e-891f-4fbc-a6b3-eaeccbae9c2e","To Apply","2026-06-13","Apex Systems","","Foster City, California","DOE","14","Onsite","Why matched: tech match +12; onsite +2","2026-06-13 03:14:59"
"https://www.dice.com/job-detail/685c7c05-0b98-48a4-922a-2ce947659597","To Apply","2026-06-13","Stellar Professionals LLC","","Clinton, Mississippi","DOE","14","Onsite","Why matched: tech match +12; onsite +2","2026-06-13 03:14:59"
"https://www.dice.com/job-detail/bd9ee19a-18d7-4808-abb7-95e19125ebeb","To Apply","2026-06-13","Object Technology Solutions, Inc.","","Katy, Texas","Depends on Experience","14","Onsite","Why matched: tech match +12; onsite +2","2026-06-13 03:14:59"
"https://www.dice.com/job-detail/87b18afa-c353-4182-8682-69bfcc38c587","To Apply","2026-06-13","TekShapers","","Auburn Hills, Michigan","Depends on Experience","12","Unknown","Why matched: tech match +12","2026-06-13 03:14:59"
"https://www.dice.com/job-detail/985638a7-b200-41d9-9e62-2f3f9c9bc0a4","To Apply","2026-06-13","The Avian Consulting LLC","","Atlanta, Georgia","60 - 70","12","Hybrid","Why matched: tech match +6; hybrid +10; salary low -4","2026-06-13 03:14:59"
"https://www.dice.com/job-detail/c03f994a-72aa-478d-a4a6-8be127d97bc4","To Apply","2026-06-13","ACI Infotech","","New York, New York","$DOE","12","Unknown","Why matched: tech match +12","2026-06-13 03:14:59"
"https://www.dice.com/job-detail/5fedae12-37cf-451f-9009-dd9565678dee","To Apply","2026-06-13","GCS","","Philadelphia, Pennsylvania","Depends on Experience","12","Unknown","Why matched: tech match +12","2026-06-13 03:14:59"
"https://www.dice.com/job-detail/9b35f385-4452-4d32-a099-e22d2274e4d3","To Apply","2026-06-13","Marvel Technologies Inc","","Auburn Hills, Michigan","$doe","12","Unknown","Why matched: tech match +12","2026-06-13 03:14:59"
"https://www.dice.com/job-detail/4e6485df-e11a-4f6b-9a75-f83bf5175e01","To Apply","2026-06-13","The Avian Consulting LLC","","Atlanta, Georgia","70 - 75","12","Hybrid","Why matched: tech match +6; hybrid +10; salary low -4","2026-06-13 03:14:59"
"https://www.dice.com/job-detail/dc440a17-27a0-4f54-a8fb-6cd6adee99b0","To Apply","2026-06-13","Apex Systems","","Redmond, Washington","DOE","12","Unknown","Why matched: tech match +12","2026-06-13 03:14:59"
"https://www.dice.com/job-detail/e1b5923e-3f46-4a27-83a5-e606f9cb217e","To Apply","2026-06-13","","","Plano, Texas","$65 - $70","12","Unknown","Why matched: tech match +6; seniority +10; salary low -4","2026-06-13 03:14:59"
"https://www.dice.com/job-detail/71a37064-0974-4be1-ad7c-a6b1ee892d04","To Apply","2026-06-13","ACI Infotech","","New Jersey","$DOE","8","Onsite","Why matched: tech match +6; onsite +2","2026-06-13 03:14:59"
"https://www.dice.com/job-detail/4ae7ad37-1294-473d-aec5-b9b4ec0d6fe3","To Apply","2026-06-13","Apex Systems","","New Hope, Pennsylvania","USD 60.00 - 65.00 per hour","8","Unknown","Why matched: tech match +12; salary low -4","2026-06-13 03:14:59"
"https://www.dice.com/job-detail/f1265c67-888a-481a-ac1d-3a0424ee35a4","To Apply","2026-06-13","Yoh - A Day & Zimmerman Company","","Palo Alto, California","USD60 - USD90 per hour","8","Unknown","Why matched: tech match +12; salary low -4","2026-06-13 03:14:59"
"https://www.dice.com/job-detail/90f95ebc-8fa9-413c-80ef-183b4f31fe20","To Apply","2026-06-13","Robert Half","","Clearwater, Florida","USD 42.75 - 49.50 per hour","8","Unknown","Why matched: tech match +12; salary low -4","2026-06-13 03:14:59"
"https://www.dice.com/job-detail/4b14a0ee-c204-46c2-9ef2-24f6cef9e4c3","To Apply","2026-06-13","Data Wave Technologies Inc","","Clinton, Mississippi","DOE","8","Onsite","Why matched: tech match +6; onsite +2","2026-06-13 03:14:59"
"https://www.dice.com/job-detail/6395b89b-e68c-4384-856f-0a19ab00b3ed","To Apply","2026-06-13","Stefanini","","Mesa, Arizona","Market","6","Unknown","Why matched: tech match +6","2026-06-13 03:14:59"
"https://www.dice.com/job-detail/445cef10-497a-45b5-a501-8e00ca452fcf","To Apply","2026-06-13","Stefanini","","Miami, Florida","Market","6","Unknown","Why matched: tech match +6","2026-06-13 03:14:59"
"https://www.dice.com/job-detail/9b401095-6659-4fe0-bd2e-78750294e53b","To Apply","2026-06-13","Stefanini","","Mayfield Heights, Ohio","Market","6","Unknown","Why matched: tech match +6","2026-06-13 03:14:59"
"https://www.dice.com/job-detail/ce7fedd0-ff6d-43bc-8e56-fbff71869e52","To Apply","2026-06-13","Comprehensive Resources Inc.","","San Jose, California","DOE","6","Unknown","Why matched: tech match +6","2026-06-13 03:14:59"
"https://www.dice.com/job-detail/a582d20b-d815-4184-9085-a0f1e82524a0","To Apply","2026-06-13","Stefanini","","Miami, Florida","Market","6","Unknown","Why matched: tech match +6","2026-06-13 03:14:59"
"https://www.dice.com/job-detail/84496f88-0ac9-4eca-b2a4-ac90daceee65","To Apply","2026-06-13","Stefanini","","Homestead, Florida","Market","6","Unknown","Why matched: tech match +6","2026-06-13 03:14:59"
"https://www.dice.com/job-detail/9be7490f-fcab-4530-8319-6ad647a3f29e","To Apply","2026-06-13","Stefanini","","Nashville, Tennessee","Market","6","Unknown","Why matched: tech match +6","2026-06-13 03:14:59"
"https://www.dice.com/job-detail/9b07e083-2b65-497e-a28f-02ab4953edb0","To Apply","2026-06-13","Robert Half","","Madison, Wisconsin","USD 50.00 - 63.00 per hour","2","Unknown","Why matched: tech match +6; salary low -4","2026-06-13 03:14:59"
"https://www.dice.com/job-detail/95a8d1f3-fd02-4d9a-b3d5-5e404bfd2542","Skipped","2026-06-13","Robert Half","Embedded Engineer","Pasadena, California","USD 130,000.00 - 160,000.00 per year","57","Unknown","Why matched: tech match +35; salary good +10; direct overlap +12","2026-06-13 09:24:59"
"https://www.dice.com/job-detail/c85773ce-7125-46d5-9d2c-fa3bbc8a2ad1","To Apply","2026-06-13","Apex Systems","Senior Firmware Software Engineer","Eagan, Minnesota","DOE","42","Onsite","Why matched: tech match +18; seniority +10; onsite +2; direct overlap +12","2026-06-13 03:14:59"
"https://www.dice.com/job-detail/a202b86b-63f8-4b77-ada5-d29a0f3ccaea","Applied","2026-06-13","Asterism IT Solutions","Embedded Software Engineer ? Munition System - W2 Only","Los Angeles, California","180000 - 200000","52","Onsite","Why matched: tech match +24; onsite +2; salary strong +14; direct overlap +12","2026-06-13 10:21:57"
"https://www.dice.com/job-detail/ec390df8-7b71-40c2-a1a4-75de5cb10e41","Applied","2026-06-13","Ledgent Technology","Senior Electrical Engineer","Santa Clara, California","$170000.00 - $180000.00 per annum","48","Unknown","Why matched: tech match +12; seniority +10; salary strong +14; direct overlap +12","2026-06-13 17:48:07"
"https://www.dice.com/job-detail/2ee89b11-e818-4988-adeb-0e0a62b2a79f","Skipped","2026-06-13","Allwyn Corporation","Lead Embedded Engineer (Linux/C++)","Remote","Depends on Experience","66","Remote","Why matched: tech match +30; seniority +10; remote +14; direct overlap +12","2026-06-13 10:17:24"
"https://www.dice.com/job-detail/bc26568a-9746-44fe-bf5b-822100a63c5b","Skipped","2026-06-13","Amarx Search, Inc.","Senior FPGA Electrical Engineer","Rochester, New York","$90,500 - $168,500","60","Unknown","Why matched: tech match +24; seniority +10; salary strong +14; direct overlap +12","2026-06-13 10:18:13"
"https://www.dice.com/job-detail/5e5dd8de-da27-4bb1-ab9d-e4cccfff6be9","To Apply","2026-06-13","Menzo","Senior Linux Platform Engineer","Santa Clara, California","Depends on Experience","42","Onsite","Why matched: tech match +18; seniority +10; onsite +2; direct overlap +12","2026-06-13 03:14:59"
"https://www.dice.com/job-detail/83987b58-62a9-4f09-aefa-185eb883dc93","To Apply","2026-06-13","Tanisha Systems, Inc.","Air Traffic Systems (ATS/ATM)","Plano, Texas","Depends on Experience","32","Onsite","Why matched: tech match +18; onsite +2; direct overlap +12","2026-06-13 03:14:59"
"https://www.dice.com/job-detail/26d876ee-4f87-4c76-b542-3f137b808a7d","To Apply","2026-06-13","Pransu Tech Solutions","Software Engineer (Python / LabVIEW / DAQ)","Cupertino, California","DOE","14","Onsite","Why matched: tech match +12; onsite +2","2026-06-13 03:14:59"
"https://www.dice.com/job-detail/f9481896-1d4a-413e-85a7-18acf7dc9d3b","Skipped","2026-06-13","InfoVision, Inc.","Embedded C/C++ Developer (Media Domain - Audio / Video)","Dallas, Texas","Depends on Experience","71","Remote","Why matched: tech match +35; seniority +10; remote +14; direct overlap +12","2026-06-13 10:17:06"
"https://www.dice.com/job-detail/b3742780-48fc-43cb-a227-83b7c9ef1e9c","Skipped","2026-06-13","Motion Recruitment Partners, LLC","Director Embedded Engineering / Wireless Systems / hybrid / Irvine","Denver, Colorado","$200000 - $250000","60","Hybrid","Why matched: tech match +24; hybrid +10; salary strong +14; direct overlap +12","2026-06-13 10:17:48"
"https://www.dice.com/job-detail/0c3c6734-09f5-4c77-b86c-8bc2684fbd77","Skipped","2026-06-13","Vinsari LLC","Flexera Implementation Lead with FNMS, FlexNet Operations (FNO), FlexNet Embedded - Dallas TX - Dallas local preferred with expectation to work in Hitachi Dallas office (Addison); if candidate is strong, will go for remote with travel required (20-30% travel)","Remote or Dallas, Texas","Depends on Experience","54","Remote","Why matched: tech match +18; seniority +10; remote +14; direct overlap +12","2026-06-13 10:20:27"
"https://www.dice.com/job-detail/edad2c3b-df4a-4910-ab35-7551db122632","Skipped","2026-06-13","InfoVision, Inc.","Sr. Embedded C++/Linux Developer (Platform - HAL/SoC)","Dallas, Texas","Depends on Experience","47","Unknown","Why matched: tech match +35; direct overlap +12","2026-06-13 17:50:43"
"https://www.dice.com/job-detail/578b56fa-fd3a-43bd-9095-87f69fd5793c","To Apply","2026-06-13","Apex Systems","Embedded Verkada Programmer","Tampa, Florida","DOE","44","Remote","Why matched: tech match +18; remote +14; direct overlap +12","2026-06-13 03:14:59"
"https://www.dice.com/job-detail/3782b369-b7d3-43b7-b280-95dc60a23636","To Apply","2026-06-13","SysMind, LLC","Embedded Architect / Embedded Solution Architect","Irving, Texas","Depends on Experience","42","Onsite","Why matched: tech match +18; seniority +10; onsite +2; direct overlap +12","2026-06-13 03:14:59"
"https://www.dice.com/job-detail/d83519d6-a69b-4c44-a77c-6f92ecc652c7","To Apply","2026-06-13","DevApps IT","Senior Business Analyst -Embedded Payments","Boston, Massachusetts","$70 - $80","42","Unknown","Why matched: tech match +24; seniority +10; salary low -4; direct overlap +12","2026-06-13 03:14:59"
"https://www.dice.com/job-detail/5898e1cb-09bc-4490-9092-809e09321504","To Apply","2026-06-13","InfoPeople Corp","Software Engineer/C++","Texas","100,000 - 120,000","42","Unknown","Why matched: tech match +24; salary acceptable +6; direct overlap +12","2026-06-13 03:14:59"
"https://www.dice.com/job-detail/6edfd123-a087-4121-b492-9dd639e75377","To Apply","2026-06-13","HCL America Inc.","Embedded System Engineer","Danvers, Massachusetts","$88,000 - $134,000","38","Unknown","Why matched: tech match +12; salary strong +14; direct overlap +12","2026-06-13 03:14:59"
"https://www.dice.com/job-detail/bfcdf9c8-320a-4377-b2cf-ab87ba7bf3df","To Apply","2026-06-13","Herrick Technology Laboratories, Inc.","Software Engineer","Germantown, Maryland","75,000 - 200,000","38","Unknown","Why matched: tech match +12; salary strong +14; direct overlap +12","2026-06-13 03:14:59"
"https://www.dice.com/job-detail/c6487942-3938-4222-8aab-a20b570c39da","To Apply","2026-06-13","GlobalLogic Inc.","Front End Developer (Embedded, C++, AI exp.)","Dallas, Texas","Depends on Experience","36","Unknown","Why matched: tech match +24; direct overlap +12","2026-06-13 03:14:59"
"https://www.dice.com/job-detail/3257d2ba-c416-4627-9467-6d44c7cb25b9","To Apply","2026-06-13","TekShapers","Powertrain Embedded AUTOSAR Engineer","Auburn Hills, Michigan","Depends on Experience","30","Unknown","Why matched: tech match +18; direct overlap +12","2026-06-13 03:14:59"
"https://www.dice.com/job-detail/61ddf467-92e5-4c04-a84d-3932b17ab379","To Apply","2026-06-13","InfoVision, Inc.","Sr. Embedded C++ Developer (Media Domain)","Dallas, Texas","Depends on Experience","30","Unknown","Why matched: tech match +18; direct overlap +12","2026-06-13 03:14:59"
"https://www.dice.com/job-detail/ab669faa-6fbf-44ef-a313-255500baeb35","To Apply","2026-06-13","Saksoft","Embedded Clinical Transformation Specialist","Jersey City, New Jersey","Depends on Experience","26","Onsite","Why matched: tech match +12; onsite +2; direct overlap +12","2026-06-13 03:14:59"
"https://www.dice.com/job-detail/f00bbee5-42bf-4121-97d1-22e59814426b","To Apply","2026-06-13","Tata Elxsi Limited","Embedded Developer","Philadelphia, Pennsylvania","Depends on Experience","24","Unknown","Why matched: tech match +12; direct overlap +12","2026-06-13 03:14:59"
"https://www.dice.com/job-detail/5037ba53-71da-4187-abf1-b7c0922157a8","To Apply","2026-06-13","VDart, Inc.","Sr. Embedded Engineer","Santa Susana, California","$55 - $60","22","Onsite","Why matched: tech match +12; onsite +2; salary low -4; direct overlap +12","2026-06-13 03:14:59"
"https://www.dice.com/job-detail/dad97618-5ce3-4dc9-9362-f64304f1c58c","To Apply","2026-06-13","Openmind Technologies","Verification and Validation Engineer (Embedded C AND AEROSPACE DOMAIN)","Simi Valley, California","50 - 60","22","Onsite","Why matched: tech match +12; onsite +2; salary low -4; direct overlap +12","2026-06-13 03:14:59"
